{"cameraMode":{"drawMode":0,"name":"Shaded","section":"Shading Mode"},"sceneLighting":true,"audioPlay":false,"sceneViewState":{"m_AlwaysRefresh":false,"showFog":true,"showSkybox":true,"showFlares":true,"showImageEffects":true,"showParticleSystems":true,"showVisualEffectGraphs":true,"m_FxEnabled":true},"in2DMode":false,"pivot":{"x":-2.5764975547790529,"y":4.242478370666504,"z":-10.083065032958985},"rotation":{"x":0.09538586437702179,"y":-0.12626159191131593,"z":0.01219754945486784,"w":0.9873478412628174},"size":0.06350016593933106,"orthographic":false}